,words,frequency_of_occurrence
0,love,168
1,life,108
2,like,93
3,I,80
4,people,70
5,make,66
6,good,64
7,never,64
8,heart,61
9,always,61
10,one,60
11,happy,57
12,best,54
13,things,52
14,feel,52
15,you.,51
16,world,49
17,",",47
18,i'm,46
19,get,43
20,know,38
21,day,38
22,beautiful,37
23,someone,36
24,every,36
25,live,35
26,want,34
27,bad,31
28,smile,31
29,way,31
30,time,30
31,much,30
32,even,29
33,let,29
34,can't,28
35,need,28
36,happiness,28
37,"you,",27
38,keep,26
39,think,26
40,go,26
41,friends,26
42,new,26
43,better,26
44,little,25
45,come,25
46,great,25
47,person,24
48,fear,24
49,going,24
50,stay,24
51,life.,24
52,could,23
53,man,23
54,makes,23
55,everything,23
56,thing,22
57,cannot,22
58,would,22
59,without,22
60,love.,21
61,making,21
62,made,21
63,look,21
64,thank,21
65,take,20
66,see,20
67,really,19
68,find,19
69,may,19
70,us,18
71,hope,18
72,something,18
73,sometimes,18
74,miss,18
75,don’t,18
76,ever,18
77,night,17
78,enough,17
79,understand,16
80,it.,16
81,beauty,16
82,mind,16
83,words,16
84,right,15
85,back,15
86,must,15
87,.,15
88,giving,15
89,u,15
90,fun,15
91,ones,15
92,lose,15
93,still,15
94,day.,14
95,feeling,14
96,soul,14
97,The,14
98,got,14
99,believe,14
100,give,14
101,perfect,14
102,many,14
103,anything,14
104,first,14
105,birthday,13
106,true,13
107,kind,13
108,them.,13
109,light,13
110,work,13
111,times,13
112,me.,13
113,dreams,13
114,god,13
115,amazing,13
116,eyes,12
117,full,12
118,away,12
119,nothing,12
120,today,12
121,break,12
122,matter,12
123,hear,12
124,story,12
125,greatest,12
126,show,12
127,hard,12
128,loving,12
129,everyone,11
130,part,11
131,peace,11
132,change,11
133,year,11
134,sad,11
135,getting,11
136,trust,11
137,"love,",11
138,laugh,11
139,stop,11
140,enjoy,11
141,friends.,11
142,wish,11
143,"it,",10
144,hold,10
145,become,10
146,living,10
147,well,10
148,hurt,10
149,fall,10
150,also,10
151,friend,10
152,"life,",10
153,thinking,10
154,gives,10
155,hate,10
156,"me,",9
157,days,9
158,whole,9
159,learn,9
160,long,9
161,forget,9
162,often,9
163,gonna,9
164,pain,9
165,remember,9
166,loved,9
167,real,9
168,might,9
169,lot,9
170,difficult,9
171,darkness,9
172,say,9
173,try,8
174,others,8
175,let's,8
176,heart.,8
177,hearts,8
178,side,8
179,hell,8
180,promises,8
181,tears,8
182,A,8
183,finally,8
184,close,8
185,two,8
186,family,8
187,inside,8
188,mean,8
189,world.,8
190,truth,8
191,faith,8
192,broken,8
193,cause,8
194,trying,8
195,us.,8
196,i've,8
197,others.,8
198,mind.,8
199,kept,8
200,that's,8
201,nights,7
202,meet,7
203,step,7
204,loves,7
205,success.,7
206,place,7
207,wear,7
208,To,7
209,rest,7
210,expect,7
211,regret,7
212,better.,7
213,place.,7
214,there's,7
215,everything.,7
216,face,7
217,last,7
218,together,7
219,wonder,7
220,mess,7
221,cold,7
222,grow,7
223,different,7
224,guys,7
225,open,7
226,started,7
227,whats,7
228,mine,7
229,call,7
230,power,7
231,lovely,7
232,choose,7
233,sunshine,7
234,yourself.,7
235,it’s,7
236,free,7
237,important,7
238,big,7
239,another,7
240,use,7
241,up.,7
242,strong,7
243,joy,7
244,i'll,7
245,good.,6
246,girls,6
247,bit,6
248,shall,6
249,forever,6
250,spent,6
251,knows,6
252,attitude,6
253,thankful,6
254,meant,6
255,loads,6
256,came,6
257,reason,6
258,sense,6
259,walk,6
260,moments,6
261,brings,6
262,Be,6
263,done,6
264,key,6
265,special,6
266,stories,6
267,spread,6
268,grateful,6
269,beautiful.,6
270,kill,6
271,count,6
272,depression,6
273,choice.,6
274,whatever,6
275,stars,6
276,moon,6
277,flower,6
278,It,6
279,youre,6
280,nobody,6
281,said,6
282,short,6
283,lights,6
284,turning,6
285,worry,6
286,felt,6
287,smiles,6
288,courage,6
289,becomes,6
290,moving,6
291,He,6
292,fight,6
293,lost,6
294,realize,6
295,time.,6
296,moment,6
297,wrong,6
298,hot,6
299,single,6
300,universe,6
301,head,6
302,home,6
303,You,6
304,cry,6
305,tell,6
306,looking,6
307,leave,6
308,worked,6
309,sky,6
310,save,6
311,behind,6
312,minute,5
313,harder,5
314,body,5
315,emotions,5
316,doesn’t,5
317,care,5
318,treat,5
319,able,5
320,within,5
321,delhi,5
322,sun,5
323,"heart,",5
324,beginning,5
325,dream,5
326,put,5
327,memories,5
328,face.,5
329,today.,5
330,wonderful,5
331,party,5
332,My,5
333,fire,5
334,week,5
335,small,5
336,tomorrow,5
337,born,5
338,smiling,5
339,human,5
340,mad,5
341,rich,5
342,comes,5
343,blessed,5
344,that’s,5
345,things.,5
346,less,5
347,poetry,5
348,read,5
349,fake,5
350,help,5
351,ill,5
352,do.,5
353,responsibility,5
354,known,5
355,happen,5
356,dark,5
357,easy,5
358,looks,5
359,lies,5
360,end,5
361,on.,5
362,confidence,5
363,hands,5
364,changing,5
365,simply,5
366,express,5
367,learning,5
368,brave,5
369,oppurtunities,5
370,lives,5
371,anyone,5
372,control,5
373,proud,5
374,longer,5
375,promise,5
376,around,5
377,here's,5
378,relationships,5
379,friendship,5
380,ur,5
381,one.,5
382,taking,5
383,cool,5
384,baby,5
385,guy,5
386,music,5
387,much.,5
388,christmas,5
389,"smile,",5
390,vibes,5
391,deeply,5
392,needs,5
393,blessing,5
394,shows,5
395,since,5
396,people.,5
397,tragedy,5
398,"friends,",5
399,thought,5
400,drink,4
401,wonders,4
402,till,4
403,die,4
404,gotta,4
405,stupid,4
406,"sun,",4
407,feelings.,4
408,fears.,4
409,"sky,",4
410,faith.,4
411,comedy,4
412,extremely,4
413,alone,4
414,talk,4
415,"true,",4
416,seems,4
417,excuse,4
418,wait,4
419,trouble,4
420,heavy,4
421,bright,4
422,please,4
423,broke,4
424,silly,4
425,"here,",4
426,found,4
427,random,4
428,2,4
429,"go,",4
430,horror,4
431,angry,4
432,intelligence,4
433,attention,4
434,cherish,4
435,ready,4
436,phone,4
437,bring,4
438,closed,4
439,wanna,4
440,busy,4
441,happened,4
442,coming,4
443,"yourself,",4
444,thanks,4
445,Our,4
446,picture,4
447,afraid,4
448,greater,4
449,fighting,4
450,straight,4
451,"have,",4
452,im,4
453,burn,4
454,loyal,4
455,parents,4
456,theirs.,4
457,begins,4
458,wise,4
459,hoping,4
460,everyday.,4
461,weakness,4
462,changed,4
463,2020,4
464,stand,4
465,pretty,4
466,else,4
467,girl,4
468,"know,",4
469,kindness,4
470,more.,4
471,now.,4
472,oppurtunity,4
473,he's,4
474,saw,4
475,quiet,4
476,happy.,4
477,favor,4
478,chase,4
479,deserve,4
480,"good,",4
481,"dark,",4
482,places,4
483,smells,4
484,handle,4
485,upon,4
486,high,4
487,present,4
488,care.,4
489,wild,4
490,experience,4
491,realise,4
492,blessed.,4
493,"eyes,",4
494,money,4
495,drive,4
496,chances,4
497,journey,4
498,hatred,4
499,luck,4
500,hurts,4
501,"feel,",4
502,start,4
503,three,4
504,approach,4
505,burden,4
506,finding,4
507,funny,4
508,mistakes.,4
509,avoid,4
510,men,4
511,running,4
512,nature,4
513,takes,4
514,walks,4
515,art,4
516,reality,4
517,sparkle,4
518,thoughts,4
519,simple,4
520,letting,4
521,forever.,4
522,"more,",4
523,means,4
524,rather,4
525,beyond,4
526,deep,4
527,word,3
528,act,3
529,far,3
530,outside.,3
531,free.,3
532,soul.,3
533,There,3
534,breath,3
535,favourite,3
536,hand,3
537,steps,3
538,awkward,3
539,darkest,3
540,melts,3
541,else's,3
542,reliable.,3
543,path,3
544,born.,3
545,smiling.,3
546,"sacrifice,",3
547,gift,3
548,thankyou,3
549,towards,3
550,most.,3
551,"back,",3
552,hardwork,3
553,write.,3
554,took,3
555,knowing,3
556,empty,3
557,#fun,3
558,reminder,3
559,marry,3
560,&,3
561,knew,3
562,realized,3
563,positive,3
564,feelings,3
565,black,3
566,honest,3
567,again.,3
568,biggest,3
569,exist,3
570,mistakes,3
571,animals.,3
572,bucket,3
573,morning,3
574,anger,3
575,possible.,3
576,happiness.,3
577,this.,3
578,bed,3
579,shadow,3
580,enjoying,3
581,ruin,3
582,sweet,3
583,clouds,3
584,"family,",3
585,pay,3
586,together.,3
587,fail,3
588,pays,3
589,death,3
590,lock,3
591,appreciate,3
592,sorry,3
593,body.,3
594,"think,",3
595,emotional,3
596,sacrifice,3
597,have.,3
598,crazy,3
599,"bitter,",3
600,lots,3
601,chasing,3
602,desire,3
603,value,3
604,knowledge,3
605,can.,3
606,way.,3
607,Women,3
608,"liars,",3
609,fears,3
610,somebody,3
611,When,3
612,other.,3
613,sure,3
614,be.,3
615,clean,3
616,catch,3
617,lying.,3
618,feels,3
619,entire,3
620,It's,3
621,age,3
622,hardest,3
623,job,3
624,anxious,3
625,rain,3
626,excited,3
627,relationship,3
628,years,3
629,thinks,3
630,yet,3
631,ocean,3
632,canvas,3
633,jingle,3
634,super,3
635,fun.,3
636,toward,3
637,song,3
638,thing.,3
639,seem,3
640,watching,3
641,"up,",3
642,Never,3
643,beat,3
644,cost,3
645,wake,3
646,courage.,3
647,missing,3
648,mothers,3
649,earth,3
650,glow,3
651,"now,",3
652,half,3
653,pleasure,3
654,carry,3
655,that.,3
656,"light,",3
657,terrible,3
658,considered,3
659,celebrate,3
660,accepting,3
661,In,3
662,passion.,3
663,selected,3
664,cheers,3
665,listen,3
666,"kind,",3
667,late,3
668,live.,3
669,boring.,3
670,day!,3
671,sending,3
672,it!,3
673,think.,3
674,class,3
675,yesterday,3
676,wants,3
677,creates,3
678,"day,",3
679,sadness.,3
680,boys,3
681,ive,3
682,#love,3
683,waiting,3
684,i'd,3
685,listening,3
686,speak,3
687,prayer,3
688,joy.,3
689,everyday,3
690,"so,",3
691,attached,3
692,But,3
693,ho,3
694,"do,",3
695,accept,3
696,event,3
697,write,3
698,what's,3
699,judge,3
700,probably,3
701,throwback,3
702,"what,",3
703,fullest.,3
704,This,3
705,tried,3
706,-,3
707,shines,3
708,truly,3
709,cycle,3
710,opened,3
711,legends,3
712,secret,3
713,her.,3
714,allow,3
715,air,3
716,If,3
717,lead,3
718,art.,3
719,valentine's,3
720,cruel,3
721,memory,3
722,understood.,3
723,universe.,3
724,goes,3
725,flowers,3
726,enemies,3
727,win,3
728,"better,",3
729,away.,3
730,depend,3
731,water,3
732,shoulder,3
733,"mind,",3
734,upset,3
735,past,3
736,loose,3
737,playing,3
738,dance,3
739,loving.,3
740,withering,3
741,taught,3
742,shining,3
743,"nothing,",3
744,"words,",3
745,seen,3
746,says,3
747,mood,3
748,respect,3
749,chilling,3
750,stuck,3
751,accident,3
752,move,3
753,humor,3
754,loss,3
755,We,3
756,along,3
757,smile.,3
758,kar,3
759,messy,3
760,screaming.,3
761,worst,3
762,"all,",3
763,"keep,",3
764,set,3
765,..,3
766,Happy,3
767,beach,3
768,somewhere,3
769,truth.,3
770,flying,3
771,unique,3
772,that?s,3
773,dawn,3
774,calm,3
775,india,3
776,devotion,3
777,stronger,3
778,worth,3
779,lived,3
780,bday,3
781,success,3
782,expected,3
783,lying,3
784,actually,3
785,filled,3
786,silence.,3
787,choice,3
788,children,3
789,losing,3
790,pink,3
791,parts,3
792,smaller,3
793,destined,2
794,dwell,2
795,purpose,2
796,old,2
797,tomorrows,2
798,"people,",2
799,chocolate,2
800,car,2
801,they're,2
802,lucky,2
803,cute,2
804,beauty.,2
805,weather,2
806,experiment.,2
807,kids,2
808,"amazing,",2
809,"said,",2
810,freshly,2
811,awesome,2
812,"world,",2
813,pose,2
814,all.,2
815,nightmares,2
816,"to"".",2
817,serious,2
818,"mad,",2
819,top,2
820,sixty,2
821,rare.,2
822,All,2
823,passion,2
824,creep,2
825,wanderlust,2
826,understood,2
827,balanced,2
828,#life,2
829,void,2
830,syrup,2
831,"alert,",2
832,lot.,2
833,challenge,2
834,fact,2
835,"happen,",2
836,"night,",2
837,money.,2
838,"hearts,",2
839,meaning,2
840,Finding,2
841,singing,2
842,nevertheless.,2
843,keeping,2
844,lighten,2
845,here.,2
846,movie,2
847,cat,2
848,"guys,",2
849,"smiling,",2
850,enlarge,2
851,"person,",2
852,sounds,2
853,fill,2
854,"happiness,",2
855,putting,2
856,"success,",2
857,thrown,2
858,rian,2
859,"things,",2
860,blue.,2
861,baked,2
862,childhood,2
863,polite,2
864,soon,2
865,mine.,2
866,nation,2
867,keeps,2
868,oscar,2
869,booths,2
870,ability,2
871,options,2
872,songs,2
873,hope.....,2
874,sign,2
875,turn,2
876,"be,",2
877,failure.,2
878,Hope,2
879,standing,2
880,eagerness,2
881,situation,2
882,optimism,2
883,answer,2
884,future.,2
885,lessons,2
886,smove,2
887,early,2
888,"change,",2
889,dude,2
890,interested,2
891,desperate,2
892,content.,2
893,solo,2
894,fragments.,2
895,critical.,2
896,man.,2
897,next,2
898,survive,2
899,Water,2
900,accomplish,2
901,stars.,2
902,irritating,2
903,met,2
904,"blessings,",2
905,attack,2
906,numb,2
907,ahead.,2
908,harm,2
909,#avenger,2
910,perhaps,2
911,eat,2
912,poor,2
913,"say,",2
914,riding,2
915,silent,2
916,blur,2
917,partner,2
918,saddest,2
919,color,2
920,news,2
921,gratitude,2
922,destroy,2
923,satisfied,2
924,maybe,2
925,ya,2
926,sacred,2
927,"moon,",2
928,shine.,2
929,doesn?t,2
930,days.,2
931,turns,2
932,"worst,",2
933,itself.,2
934,sheets,2
935,fully,2
936,honor,2
937,butter,2
938,"unconditional,",2
939,sadness,2
940,sorrows,2
941,disgrace.,2
942,ask,2
943,dangerous,2
944,"hate,",2
945,candid,2
946,sudden,2
947,"are,",2
948,bold,2
949,tonights,2
950,brighter,2
951,"pain,",2
952,personality,2
953,ways,2
954,well.,2
955,dead,2
956,hatred.,2
957,school,2
958,we'll,2
959,flambeaus,2
960,there.,2
961,defeat,2
962,surreal,2
963,true.,2
964,i’ll,2
965,"beautiful,",2
966,work.,2
967,game,2
968,maggi,2
969,cut,2
970,lips,2
971,degree,2
972,fullest,2
973,helping,2
974,Wish,2
975,inner,2
976,hungry,2
977,team,2
978,admired,2
979,spare,2
980,breeze,2
981,magic,2
982,tastes,2
983,regrets,2
984,passes,2
985,hurting,2
986,arms.,2
987,sunny,2
988,fit,2
989,emotion,2
990,essential,2
991,situations,2
992,tiny,2
993,modern,2
994,strongest,2
995,row.,2
996,market,2
997,Every,2
998,sing,2
999,white,2
1000,extra,2
1001,produce,2
1002,"nights,",2
1003,"look,",2
1004,happens,2
1005,finish,2
1006,people!,2
1007,"gift,",2
1008,touched.,2
1009,onto,2
1010,same.,2
1011,service,2
1012,person.,2
1013,%,2
1014,bravery,2
1015,"future,",2
1016,God,2
1017,fell,2
1018,iin,2
1019,"smiles,",2
1020,saddness.,2
1021,"work,",2
1022,watch,2
1023,frowning,2
1024,missed,2
1025,spreading,2
1026,engulfing,2
1027,presence,2
1028,dog,2
1029,opinion,2
1030,second,2
1031,city,2
1032,feet,2
1033,granted,2
1034,spending,2
1035,idea,2
1036,resemble,2
1037,support.,2
1038,unexpected,2
1039,Beauty,2
1040,"done,",2
1041,coz,2
1042,"sometimes,",2
1043,"cookies,",2
1044,Do,2
1045,negative,2
1046,wrong.,2
1047,correct,2
1048,quit,2
1049,"afraid,",2
1050,stone,2
1051,leaves,2
1052,form,2
1053,Unity,2
1054,fit.,2
1055,comfort,2
1056,experiences,2
1057,kiss,2
1058,depressed,2
1059,rare,2
1060,activity,2
1061,cracks,2
1062,miracle,2
1063,bad.,2
1064,fix,2
1065,deal,2
1066,wishing,2
1067,special.,2
1068,remember.,2
1069,Stay,2
1070,wings,2
1071,dreams.,2
1072,understanding,2
1073,rainbow,2
1074,long.,2
1075,frightened,2
1076,imagination,2
1077,"today,",2
1078,embrace,2
1079,healthy,2
1080,constant,2
1081,though,2
1082,mom,2
1083,emotion.,2
1084,attitude.,2
1085,"see,",2
1086,utterly,2
1087,"time,",2
1088,Believe,2
1089,breaking,2
1090,unfortunately,2
1091,maintain,2
1092,shadows,2
1093,post,2
1094,chaos,2
1095,book,2
1096,gave,2
1097,study,2
1098,cope,2
1099,left,2
1100,bitter,2
1101,instead,2
1102,angry.,2
1103,interest,2
1104,wild.,2
1105,contains,2
1106,movies,2
1107,difficult.,2
1108,joker,2
1109,Being,2
1110,shiver,2
1111,consequences,2
1112,already,2
1113,can’t,2
1114,mistake,2
1115,caught,2
1116,"exist,",2
1117,"says,""I",2
1118,hour,2
1119,"one,",2
1120,boring,2
1121,year!,2
1122,harmony.,2
1123,roads,2
1124,sleeping,2
1125,eyes.,2
1126,No,2
1127,"music,",2
1128,bloom,2
1129,family.,2
1130,photography,2
1131,level,2
1132,we're,2
1133,tough,2
1134,obnoxious,2
1135,effort,2
1136,tu,2
1137,whenever,2
1138,welcoming,2
1139,influence,2
1140,casts,2
1141,admire,2
1142,create,2
1143,middle,2
1144,easily,2
1145,flipped,2
1146,series,2
1147,increase,2
1148,thousand,2
1149,want.,2
1150,battle,2
1151,dab,2
1152,called,2
1153,Love,2
1154,photo,2
1155,pacified.,2
1156,dress,2
1157,awful,2
1158,offer,2
1159,damn,2
1160,grown,2
1161,killed,2
1162,annoyed,2
1163,computer,2
1164,"past,",2
1165,passing,2
1166,rules,2
1167,patience,2
1168,heartbeat,2
1169,expectation,2
1170,experiments,2
1171,perform,2
1172,fireflies,2
1173,cheap,2
1174,indian,2
1175,endgame,2
1176,down.,2
1177,share,2
1178,imperfect,2
1179,understand.,2
1180,lil,2
1181,sharing,2
1182,patient,2
1183,medicine,2
1184,"choice,but",2
1185,explore,2
1186,accuse,2
1187,stage,2
1188,blast,2
1189,"thing,",2
1190,creating,2
1191,exactly,2
1192,"hurt,",2
1193,tear,2
1194,"word,",2
1195,anyways,2
1196,positive.,2
1197,home.,2
1198,difficulties,2
1199,went,2
1200,exciting,2
1201,sadder,2
1202,pieces.,2
1203,sleep.,2
1204,fly,2
1205,negativity,2
1206,eye,2
1207,"then,",2
1208,One,2
1209,"joker,",2
1210,summer,2
1211,used,2
1212,communicate,2
1213,personal,2
1214,safe,2
1215,ain't,2
1216,lurk,2
1217,confident,2
1218,diwali,2
1219,"face,",2
1220,guys.,2
1221,toh,2
1222,heart;,2
1223,leads,2
1224,remedy,2
1225,blame,2
1226,careful,2
1227,colours,2
1228,"bad,",2
1229,impatient,2
1230,warmth,2
1231,telling,2
1232,memorable,2
1233,festival,2
1234,friend.,2
1235,stronger.,2
1236,"dreams,",2
1237,4,2
1238,decisions,2
1239,flaunt,2
1240,water.,2
1241,today's,2
1242,favorite,2
1243,"survive,",2
1244,hiding,2
1245,conquer,2
1246,honesty,2
1247,separated,2
1248,fellow,2
1249,side.,2
1250,state,2
1251,know.,2
1252,task,2
1253,expecting,2
1254,Always,2
1255,ignore,2
1256,disappointed,2
1257,cares,2
1258,kisses,2
1259,semester,2
1260,support,2
1261,boundaries,2
1262,Good,2
1263,reach,2
1264,nothing.,2
1265,deadly,2
1266,lucky.,2
1267,precise,2
1268,enemies.,2
1269,thinkers.,2
1270,Because,2
1271,beautifully,2
1272,congratulations,2
1273,definitely,2
1274,satisfaction,2
1275,spend,2
1276,solution,2
1277,fashion,2
1278,evening,2
1279,"how,",2
1280,future,2
1281,fault,2
1282,stares,2
1283,"birthday,",2
1284,insults.,2
1285,igniting,2
1286,sight,2
1287,struggling,2
1288,welcome,2
1289,society,2
1290,failure,2
1291,"class,",2
1292,harshest,2
1293,plans,2
1294,heaven,2
1295,rush,2
1296,get.,2
1297,years.,2
1298,"lot,",2
1299,food,2
1300,wasted,2
1301,suffering,2
1302,adventure,2
1303,challenges,2
1304,nothingness.,2
1305,bless,2
1306,main,2
1307,"matchstick,",2
1308,telephone,2
1309,"girl,",2
1310,"explain,",2
1311,holding,2
1312,"hard,",2
1313,star,2
1314,smell,2
1315,fine,2
1316,poem.,2
1317,madness,2
1318,wasting,2
1319,kind.,2
1320,merry,2
1321,civil,2
1322,focus,2
1323,blessings,2
1324,it'll,2
1325,wide,2
1326,chaos.,2
1327,addicted,2
1328,alcohol,2
1329,"strength,",2
1330,I'll,2
1331,mumbai,2
1332,unless,2
1333,dresses,2
1334,whether,2
1335,leaving,2
1336,continues,2
1337,fast.,2
1338,working,2
1339,strength,2
1340,bros,2
1341,succeed,2
1342,see.,2
1343,stick,2
1344,cities,2
1345,remain,2
1346,cant,2
1347,conversations.,2
1348,grow.,2
1349,happen.,2
1350,life!,2
1351,are.,2
1352,else.,2
1353,seconds,2
1354,upside,2
1355,classes,2
1356,quite,2
1357,grief,2
1358,sweetest,2
1359,wich,2
1360,continuous,2
1361,darkness.,2
1362,Your,2
1363,bored,2
1364,road,2
1365,shine,2
1366,accidents,2
1367,will.,2
1368,fights,2
1369,"happy,",2
1370,adventurous,2
1371,worls,2
1372,waste,2
1373,important.,2
1374,dancing,2
1375,allowed,2
1376,discover,2
1377,health,2
1378,belongs,2
1379,"enemies,",2
1380,"head,",2
1381,embracing,2
1382,questions,2
1383,intelligent,2
1384,…,2
1385,sister,2
1386,forget.,2
1387,cancelled,2
1388,feared.,2
1389,"choices,",2
1390,strength.,1
1391,directed,1
1392,cultures.,1
1393,stood,1
1394,independent,1
1395,novel.,1
1396,sad.,1
1397,Crazy,1
1398,reward,1
1399,thanku,1
1400,kings,1
1401,university,1
1402,seriousness,1
1403,bang,1
1404,country,1
1405,recovery.,1
1406,freeze,1
1407,hey!,1
1408,we've,1
1409,decides,1
1410,efforts,1
1411,Learning,1
1412,buy,1
1413,"""candid""",1
1414,"difference,",1
1415,"salad,",1
1416,surprises,1
1417,paper,1
1418,"weather,",1
1419,surpasses,1
1420,furious,1
1421,caused,1
1422,you;,1
1423,caption.,1
1424,spirit,1
1425,banti,1
1426,center,1
1427,Life,1
1428,ramp,1
1429,lazy,1
1430,parallel,1
1431,peoples,1
1432,Will,1
1433,pieces,1
1434,"ones,",1
1435,decide,1
1436,community,1
1437,lose.all,1
1438,europe,1
1439,@pariganjoo,1
1440,honesty.,1
1441,endured.,1
1442,disgust.,1
1443,taste,1
1444,conversation.,1
1445,"working,",1
1446,indecency's,1
1447,team.....,1
1448,lives.,1
1449,enthral,1
1450,whistled,1
1451,#wedding,1
1452,Discipline,1
1453,birth,1
1454,"everything,",1
1455,matters.,1
1456,culture,1
1457,"sleep,",1
1458,"happy,excited",1
1459,cream,1
1460,wished,1
1461,nirbhya,1
1462,"catchy,but",1
1463,"honor,",1
1464,roommate!!!,1
1465,you’ve,1
1466,tune,1
1467,nevr,1
1468,music?,1
1469,recommendation,1
1470,"close,",1
1471,reservation.,1
1472,ignored.,1
1473,disturb,1
1474,easy.,1
1475,cowardice,1
1476,"don't,",1
1477,necessarry,1
1478,store,1
1479,breaks,1
1480,Pay,1
1481,works,1
1482,sweetness,1
1483,indifference;,1
1484,Accidents,1
1485,seccond,1
1486,temporary,1
1487,priviledge,1
1488,smile….because,1
1489,humble.,1
1490,vulnerable.,1
1491,achieve,1
1492,lady,1
1493,child,1
1494,kitkat,1
1495,"rain,",1
1496,hide.,1
1497,#jaipurdiaries,1
1498,mountains.,1
1499,unknown,1
1500,heroine,1
1501,followers.,1
1502,click's,1
1503,shades,1
1504,particular,1
1505,green,1
1506,ayushi…,1
1507,rude,1
1508,darkness;,1
1509,silence,1
1510,p.,1
1511,feuds,1
1512,knocks,1
1513,relations.,1
1514,sunset,1
1515,love;,1
1516,demand,1
1517,heads,1
1518,"outcomes,",1
1519,however,1
1520,angels,1
1521,dayy,1
1522,figure,1
1523,fat,1
1524,ever.!,1
1525,opportunity,1
1526,hai,1
1527,unsteady,1
1528,cheese,1
1529,confience.,1
1530,tread,1
1531,return.,1
1532,akready,1
1533,peace.,1
1534,prefer?,1
1535,expresses,1
1536,screams,1
1537,by!,1
1538,vile,1
1539,descriptions:,1
1540,destiny,1
1541,fog,1
1542,wins.,1
1543,empty.,1
1544,ardor.,1
1545,satisfying,1
1546,galaxies,1
1547,skater,1
1548,removing,1
1549,indifference,1
1550,wolf,1
1551,limits.,1
1552,commits.,1
1553,aww.,1
1554,surrounding,1
1555,Duty,1
1556,"swiftly,",1
1557,"return,",1
1558,replacement,1
1559,mobile,1
1560,again!,1
1561,lively,1
1562,flight,1
1563,who's,1
1564,fragile,1
1565,ingratitude,1
1566,shit,1
1567,rap,1
1568,positvity,1
1569,belongings,1
1570,ventilated,1
1571,fas!!,1
1572,"that,",1
1573,"expectations,no",1
1574,wishes.,1
1575,problems.,1
1576,Diligence,1
1577,"nervous,",1
1578,life….besides,1
1579,someone.,1
1580,burns,1
1581,"against,",1
1582,risk,1
1583,victim.,1
1584,patriotism-it,1
1585,drinking,1
1586,?.,1
1587,loosing,1
1588,things.”,1
1589,"caught,",1
1590,Hatred,1
1591,chance,1
1592,inhabiting,1
1593,shy,1
1594,beast,1
1595,neon!!,1
1596,#sad,1
1597,@rajput_rhea_,1
1598,"glitter,",1
1599,eqally,1
1600,smoke,1
1601,"prejudices,",1
1602,Four,1
1603,exeperience,1
1604,relieved,1
1605,allures,1
1606,unbelievably,1
1607,cutest,1
1608,"recovered,",1
1609,summing,1
1610,carrying,1
1611,@akshada1,1
1612,germs?,1
1613,objects,1
1614,"cheat,",1
1615,you!my,1
1616,"grow,",1
1617,last...nice,1
1618,happiest,1
1619,demands,1
1620,secrest,1
1621,"soar,the",1
1622,currently,1
1623,solved,1
1624,believes,1
1625,dreamt,1
1626,imbibe,1
1627,proof,1
1628,brushed,1
1629,why….,1
1630,gutter.,1
1631,accusations,1
1632,physically,1
1633,crying,1
1634,Success,1
1635,nd,1
1636,heads.,1
1637,Just,1
1638,"engaged,",1
1639,"grateful,",1
1640,thanks…and,1
1641,scarred,1
1642,investing,1
1643,powerless,1
1644,night…i,1
1645,"earth,",1
1646,pass,1
1647,"transformed,",1
1648,despair,1
1649,os,1
1650,"wait,",1
1651,"goals,",1
1652,you…,1
1653,competition,1
1654,fiction,1
1655,easily.,1
1656,opinion.,1
1657,curious.,1
1658,faces..gos,1
1659,careless.,1
1660,maturity.,1
1661,Wrong,1
1662,gross!!,1
1663,expereinces.,1
1664,passionate,1
1665,tied,1
1666,"believes,",1
1667,"hello,",1
1668,Hi,1
1669,forgiveness;,1
1670,expects,1
1671,admiration,1
1672,"hurt,i",1
1673,"crazy,",1
1674,ahead,1
1675,"depressing,",1
1676,achievement.,1
1677,action,1
1678,"alive,",1
1679,result,1
1680,dayy!!!,1
1681,tree,1
1682,insanity,1
1683,breath.,1
1684,delight,1
1685,preserve,1
1686,satisfied.,1
1687,weeks.,1
1688,left.,1
1689,"friend,",1
1690,horrendous,1
1691,motivate,1
1692,parked.,1
1693,major,1
1694,go.,1
1695,behavior,1
1696,bro.,1
1697,suitable,1
1698,large.,1
1699,effortlessly,1
1700,view,1
1701,father,1
1702,competitive,1
1703,haunt,1
1704,date.,1
1705,hat,1
1706,"thoughts,",1
1707,worries,1
1708,hero,1
1709,indeed,1
1710,walked,1
1711,arise.,1
1712,don?t,1
1713,cheerfully,1
1714,hmm,1
1715,oceanholic.,1
1716,don't.well,1
1717,believed,1
1718,causing,1
1719,"karma,",1
1720,participate,1
1721,slowly,1
1722,freezing.,1
1723,celebrate.,1
1724,positivity,1
1725,us….,1
1726,richer,1
1727,starts,1
1728,diamonds.,1
1729,neither,1
1730,lovely.,1
1731,soaking,1
1732,artificial,1
1733,doubtful,1
1734,handsome,1
1735,passed,1
1736,addiction,1
1737,"different,",1
1738,pointt,1
1739,stormy,1
1740,dumb,1
1741,bs.,1
1742,"""this",1
1743,#heabreaking,1
1744,permutations,1
1745,"competing,",1
1746,measure,1
1747,cosmos,1
1748,resolve,1
1749,dettol,1
1750,"forgive,yes.forget,",1
1751,everybody,1
1752,break.,1
1753,laugh…hahahaha!!,1
1754,nicely,1
1755,scrupulous,1
1756,daily,1
1757,rob,1
1758,Create,1
1759,anyone.,1
1760,awake.,1
1761,cringe.,1
1762,much?,1
1763,guilty,1
1764,everyone's,1
1765,hair,1
1766,"proof,",1
1767,"acceptance,",1
1768,share.,1
1769,sunsets,1
1770,"smile,for",1
1771,involved,1
1772,despite,1
1773,yea,1
1774,"her,",1
1775,return,1
1776,"you""",1
1777,arghhh!!!,1
1778,Vibes,1
1779,sustain,1
1780,"remember,",1
1781,development.,1
1782,"reminder-""when",1
1783,prove,1
1784,Sometimes,1
1785,colour,1
1786,sympathy,1
1787,willpower,1
1788,physical,1
1789,urgency,1
1790,identify,1
1791,confidence.,1
1792,throughout,1
1793,destinations.,1
1794,monday,1
1795,goal.,1
1796,insult,1
1797,incredibly,1
1798,storm.,1
1799,scared.,1
1800,"mysterious,",1
1801,"reality,",1
1802,certain,1
1803,roaming,1
1804,victory.,1
1805,banta,1
1806,things:,1
1807,harder.,1
1808,pushkar,1
1809,pleasantest,1
1810,anguish,1
1811,weight,1
1812,disappointment,1
1813,Thank,1
1814,resting,1
1815,it?,1
1816,"liar,",1
1817,praying,1
1818,colors,1
1819,"natural,all",1
1820,sugar,1
1821,"harder,",1
1822,around….you,1
1823,"utmost,",1
1824,ghar,1
1825,"absence,",1
1826,scenery.,1
1827,discovered,1
1828,r,1
1829,"shine,",1
1830,Willingness,1
1831,hospitality,1
1832,Sunday,1
1833,"sentry,",1
1834,off.,1
1835,darling,1
1836,"aware,",1
1837,leading,1
1838,iron,1
1839,pops,1
1840,convicts,1
1841,power...,1
1842,approach.,1
1843,waterfall,1
1844,strangers.,1
1845,darker,1
1846,foe,1
1847,dependant,1
1848,"money,",1
1849,don't'.,1
1850,"not,",1
1851,blessings!!,1
1852,Keep,1
1853,foocus,1
1854,stomachs,1
1855,hairstyle,1
1856,preserved,1
1857,range,1
1858,world!,1
1859,character.,1
1860,obselete,1
1861,dad!!,1
1862,"emotion,",1
1863,atleast,1
1864,chapel,1
1865,impressed,1
1866,rose's,1
1867,"chase,",1
1868,number,1
1869,"told,",1
1870,friend!!,1
1871,stones,1
1872,response.,1
1873,back!!,1
1874,"lost,",1
1875,magicial,1
1876,"stars,",1
1877,transformed,1
1878,defend.,1
1879,balance,1
1880,equals.,1
1881,yo,1
1882,paints.,1
1883,minds,1
1884,fun!,1
1885,"difficult,",1
1886,"free,",1
1887,coolest,1
1888,books,1
1889,"beauty,",1
1890,singer,1
1891,narrowly,1
1892,birrooooo,1
1893,women,1
1894,alive,1
1895,"courageous,",1
1896,deserve.,1
1897,"own,",1
1898,world:,1
1899,apart.,1
1900,"lights,",1
1901,.....didn’t,1
1902,hid,1
1903,transferring,1
1904,"days,",1
1905,picture.,1
1906,sitting,1
1907,"sorrow,",1
1908,sides,1
1909,Smile,1
1910,indeed.,1
1911,jaan,1
1912,resources,1
1913,talented,1
1914,astonishing,1
1915,political,1
1916,note.,1
1917,myself.,1
1918,other's,1
1919,energy.,1
1920,following,1
1921,continue,1
1922,capacity,1
1923,fantastic,1
1924,attractions,1
1925,window;,1
1926,media,1
1927,avoiding,1
1928,discriminated,1
1929,Don't,1
1930,bait,1
1931,removed,1
1932,floor,1
1933,Aggression,1
1934,weddings,1
1935,#biggerproblems,1
1936,exhaustion.,1
1937,attentive,1
1938,"hold,",1
1939,feedback,1
1940,overthinking,1
1941,lately,1
1942,concealed,1
1943,motivates,1
1944,guitar,1
1945,gold.,1
1946,fix.,1
1947,credit,1
1948,nap.,1
1949,"wins,",1
1950,betrayal,1
1951,gangsta,1
1952,creatively,1
1953,matches,1
1954,"darkest,",1
1955,14,1
1956,bags,1
1957,importantly,1
1958,violence?,1
1959,we...,1
1960,"rises,",1
1961,devoted,1
1962,"dialect,",1
1963,liitle,1
1964,"again,",1
1965,neglected,1
1966,eternal,1
1967,banaid,1
1968,"scared,",1
1969,disrespected.,1
1970,"tough,",1
1971,2019.,1
1972,"taste,",1
1973,enfolded,1
1974,anymore,1
1975,striking.,1
1976,worshiping,1
1977,wearing,1
1978,hot;,1
1979,hi,1
1980,"best,",1
1981,pure.,1
1982,shared,1
1983,force,1
1984,Wealth,1
1985,"""our",1
1986,smarter,1
1987,consistency,1
1988,taaki,1
1989,chote,1
1990,"duty""",1
1991,gravity,1
1992,business.sometimes,1
1993,enters,1
1994,So,1
1995,dating,1
1996,strangers,1
1997,fantabulous,1
1998,paid,1
1999,bloom.,1
2000,nuts,1
2001,"independence,",1
2002,presence.,1
2003,"find,",1
2004,pace,1
2005,month,1
2006,tham,1
2007,imaginations,1
2008,atrists,1
2009,rains,1
2010,Correct,1
2011,coated,1
2012,sticking,1
2013,Thanks,1
2014,drowned.,1
2015,required.,1
2016,good-natured,1
2017,classy,1
2018,myth.,1
2019,confided,1
2020,scent,1
2021,hungry/angry,1
2022,ba,1
2023,"1,2,3,4",1
2024,fortitude,1
2025,park.,1
2026,"only,",1
2027,twinkling,1
2028,richly,1
2029,ordinary,1
2030,fever,1
2031,grab.,1
2032,scale,1
2033,partyyyy….keertannnn,1
2034,partners,1
2035,"there,",1
2036,phrase,1
2037,stupid.,1
2038,before.,1
2039,pouring,1
2040,"darling,",1
2041,lonely,1
2042,equanimity,1
2043,ate,1
2044,madder,1
2045,"four,",1
2046,kindness.,1
2047,binge,1
2048,collect.,1
2049,"hateful,",1
2050,xd,1
2051,gratefully,1
2052,terms.,1
2053,go?,1
2054,didn’t,1
2055,coffee,1
2056,fancies.,1
2057,develop,1
2058,lost~,1
2059,wtf!,1
2060,eyes….you'll,1
2061,push,1
2062,falling,1
2063,tone,1
2064,intention,1
2065,She,1
2066,secret.,1
2067,either,1
2068,Creative,1
2069,destiny.,1
2070,mixture,1
2071,saps,1
2072,trust.,1
2073,feeling.,1
2074,succeed.,1
2075,using,1
2076,conformity.,1
2077,"No,",1
2078,explain,1
2079,breathing,1
2080,"beautifu,friendship",1
2081,#carnival,1
2082,colorful,1
2083,now?,1
2084,classical,1
2085,shape,1
2086,mental,1
2087,commitments.,1
2088,wandering,1
2089,disguise,1
2090,"angels,",1
2091,"rules,",1
2092,taken,1
2093,windows,1
2094,hearts.,1
2095,serve,1
2096,languages,1
2097,bammed,1
2098,",best.",1
2099,jealous,1
2100,options.,1
2101,beating,1
2102,disdain.,1
2103,"child,",1
2104,why?,1
2105,capture,1
2106,cuts,1
2107,literally,1
2108,Memories,1
2109,shallow,1
2110,lovelies,1
2111,fond,1
2112,punch,1
2113,make.,1
2114,strokes,1
2115,bumpy,1
2116,list,1
2117,duty,1
2118,surely,1
2119,robot,1
2120,grey,1
2121,"eyelids,",1
2122,"volcano,",1
2123,big;,1
2124,fanily,1
2125,window,1
2126,"beaten,",1
2127,echo,1
2128,situation.,1
2129,alerting,1
2130,acts,1
2131,bloodhsed,1
2132,2k17,1
2133,"lane,",1
2134,enjoyable.,1
2135,studio,1
2136,great.,1
2137,unpleasant,1
2138,101,1
2139,amazinf,1
2140,food!where,1
2141,need!,1
2142,is.,1
2143,Failure,1
2144,family!love,1
2145,"trustworthy,",1
2146,staying,1
2147,betray,1
2148,provide,1
2149,todays,1
2150,chicken,1
2151,hide,1
2152,of.,1
2153,"""you'll",1
2154,given,1
2155,ugly,1
2156,pollution.,1
2157,compassionate,1
2158,lonliness.,1
2159,street,1
2160,warmth.,1
2161,enjoyed,1
2162,aur,1
2163,throws,1
2164,"character,",1
2165,sunlight,1
2166,baddest,1
2167,ends.,1
2168,two-faced,1
2169,history,1
2170,throwing,1
2171,safe.,1
2172,convocation.,1
2173,contrast,1
2174,classic,1
2175,understanding;magic,1
2176,Sports,1
2177,Welcoming,1
2178,#smile,1
2179,"wealth,",1
2180,anymore.,1
2181,harder!,1
2182,drowning,1
2183,ultimate,1
2184,laughing,1
2185,"problems,",1
2186,rule.,1
2187,It?s,1
2188,tonight..,1
2189,badly.,1
2190,"this,",1
2191,"nature,",1
2192,"way.so,",1
2193,rarest,1
2194,correlated,1
2195,more??,1
2196,eternity.,1
2197,hoped,1
2198,caring,1
2199,behave,1
2200,iinside,1
2201,"women,",1
2202,say..i'm,1
2203,companion,1
2204,holdin',1
2205,"provides,",1
2206,"hey,",1
2207,prisma,1
2208,calls,1
2209,ee,1
2210,"less,",1
2211,alright.,1
2212,forgetting,1
2213,relevant.,1
2214,respecing,1
2215,life;,1
2216,em,1
2217,violent.,1
2218,aversion.,1
2219,Hate,1
2220,famous,1
2221,yyou,1
2222,wisely,1
2223,hamesha,1
2224,harmony,1
2225,#,1
2226,sucide,1
2227,3,1
2228,pearl,1
2229,astouned.,1
2230,And,1
2231,alert,1
2232,#There,1
2233,intensity.,1
2234,economy,1
2235,constructive,1
2236,bunking,1
2237,business,1
2238,understanding.,1
2239,atrocious,1
2240,fast,1
2241,authority.,1
2242,writer,1
2243,distress,1
2244,"thanksgiving,",1
2245,devilishly,1
2246,booty,1
2247,actions,1
2248,cold.,1
2249,"law,resistance",1
2250,complaints,1
2251,collided,1
2252,universe:,1
2253,basic,1
2254,23,1
2255,lifebuoy,1
2256,aid,1
2257,;,1
2258,jewels,1
2259,"charm,",1
2260,storms,1
2261,reliving,1
2262,talk.,1
2263,section_a,1
2264,typical,1
2265,mom...,1
2266,Punctuality,1
2267,aside,1
2268,ethereal,1
2269,several,1
2270,….where,1
2271,badly,1
2272,tick,1
2273,powerful,1
2274,moral,1
2275,people's,1
2276,on.please,1
2277,priorities,1
2278,hyper.,1
2279,"me,in",1
2280,wooden,1
2281,outside,1
2282,laughes,1
2283,morality,1
2284,outlet,1
2285,bustling,1
2286,"to.""",1
2287,you’re,1
2288,"awkward,",1
2289,build,1
2290,slow,1
2291,availabe,1
2292,gradually,1
2293,"waterfall,",1
2294,“be,1
2295,glitter,1
2296,nowadays,1
2297,skip,1
2298,are:,1
2299,"flow,love,",1
2300,didu,1
2301,false,1
2302,well!,1
2303,genius,1
2304,eighty,1
2305,kid,1
2306,meeting,1
2307,stupidity,1
2308,environment,1
2309,prevent,1
2310,both.,1
2311,tate,1
2312,out.,1
2313,crawling,1
2314,worthy,1
2315,summers.,1
2316,enough;,1
2317,burning,1
2318,unlearning,1
2319,crave,1
2320,gym,1
2321,condition,1
2322,tide,1
2323,writing,1
2324,eyes?,1
2325,soothe,1
2326,love!,1
2327,risky,1
2328,image,1
2329,youll,1
2330,fun..,1
2331,laughter,1
2332,sparkles,1
2333,religion.,1
2334,ka,1
2335,breathe.,1
2336,whose,1
2337,"oneself,",1
2338,oils,1
2339,schedule,1
2340,kid.,1
2341,teeth,1
2342,sake.,1
2343,beautiful!!,1
2344,easier,1
2345,winters.,1
2346,nearly,1
2347,darkness:,1
2348,disbelief,1
2349,belong,1
2350,supermacy,1
2351,nowadays.,1
2352,Let,1
2353,papa,1
2354,part.,1
2355,"food,",1
2356,"strong,",1
2357,opportunities,1
2358,supporting,1
2359,~leonardo,1
2360,thankyouu,1
2361,butter.,1
2362,defifnitely,1
2363,trustworthy.,1
2364,me…..ok?,1
2365,meets,1
2366,Heroes,1
2367,loved.,1
2368,accident.,1
2369,lifestyle,1
2370,patience.,1
2371,lets,1
2372,tummy,1
2373,Days,1
2374,thigs:,1
2375,mans,1
2376,finger.,1
2377,Confucius.,1
2378,sould.,1
2379,do..,1
2380,endure,1
2381,screamed,1
2382,adds,1
2383,station.,1
2384,"strange,",1
2385,idiots,1
2386,mommy,1
2387,handremember,1
2388,mystery,1
2389,chiefly,1
2390,inviting,1
2391,5,1
2392,releived,1
2393,chew,1
2394,attitutde,1
2395,growing,1
2396,trends…i,1
2397,much!!!,1
2398,prepared,1
2399,foes,1
2400,minded,1
2401,betrayal.,1
2402,"geography,",1
2403,ruel,1
2404,ya.,1
2405,up?,1
2406,higher,1
2407,world.learn,1
2408,ray,1
2409,#values,1
2410,"kids,",1
2411,experienced,1
2412,writing.,1
2413,seeing,1
2414,w/,1
2415,christ,1
2416,delicate,1
2417,date,1
2418,step.,1
2419,calling,1
2420,trained.,1
2421,escape,1
2422,offended,1
2423,scooty,1
2424,"everywhere,",1
2425,tells,1
2426,melody.,1
2427,college,1
2428,messages,1
2429,adapting,1
2430,emotions;,1
2431,minute.it,1
2432,"mother,",1
2433,ideal,1
2434,climb.,1
2435,insecure.,1
2436,blury,1
2437,competition.,1
2438,gruel,1
2439,social,1
2440,thirst,1
2441,amidst,1
2442,medicine....,1
2443,articles,1
2444,ok,1
2445,day!!!!,1
2446,Take,1
2447,vibe.,1
2448,wine,1
2449,tolerating,1
2450,developing,1
2451,love!!,1
2452,ignorance.,1
2453,cricket,1
2454,point.,1
2455,toy,1
2456,changes,1
2457,salutes,1
2458,lost.,1
2459,regard,1
2460,seriously,1
2461,much!xx,1
2462,outing,1
2463,look.,1
2464,osting.,1
2465,hungry.,1
2466,healthy.,1
2467,neve,1
2468,absolutely,1
2469,Blessed,1
2470,words.,1
2471,almighty,1
2472,liye,1
2473,tan,1
2474,destroyed,1
2475,@ojussardana,1
2476,foolishness.,1
2477,faithless,1
2478,isn’t,1
2479,man's,1
2480,exactly.,1
2481,players,1
2482,types,1
2483,you?,1
2484,grew,1
2485,moisturise.,1
2486,woke,1
2487,"too,",1
2488,"smile,whenever",1
2489,"granted,",1
2490,hey….just,1
2491,delusion.,1
2492,"relevant,",1
2493,winning,1
2494,huge,1
2495,decide.,1
2496,responses,1
2497,nextchapter,1
2498,stock,1
2499,fam,1
2500,hostel,1
2501,cease,1
2502,aint,1
2503,uncertainty.,1
2504,hopelessness,1
2505,dream.,1
2506,doing.,1
2507,fade,1
2508,theres,1
2509,require,1
2510,today!,1
2511,imitate.,1
2512,"energy,",1
2513,justa,1
2514,hinduism,1
2515,today...,1
2516,hindus.,1
2517,"watching,",1
2518,forgveness,1
2519,don't.,1
2520,split,1
2521,diabetes.but,1
2522,partner?,1
2523,streets,1
2524,average,1
2525,"bones,",1
2526,doubts,1
2527,lessons.,1
2528,abou,1
2529,smile!,1
2530,heavy.,1
2531,chester,1
2532,"""",1
2533,unconscious,1
2534,i’m,1
2535,night.,1
2536,sinle,1
2537,harm.,1
2538,brought,1
2539,sunlight.,1
2540,splendid.,1
2541,Fruits,1
2542,sugar.,1
2543,composed,1
2544,"tired,",1
2545,"decisions,",1
2546,monday.,1
2547,sorrow.,1
2548,unhappy,1
2549,"long,don't",1
2550,Nobody,1
2551,feet.,1
2552,alchemy,1
2553,habit,1
2554,resolution,1
2555,"risky,",1
2556,slope,1
2557,ought,1
2558,goodness,1
2559,play.,1
2560,"places,where",1
2561,"loved,",1
2562,society.,1
2563,engine,1
2564,1-10:,1
2565,"positivity,",1
2566,"mistakes,",1
2567,"end,",1
2568,4:6-7,1
2569,stress,1
2570,"effort,",1
2571,obey,1
2572,People,1
2573,oneness,1
2574,"feeling,",1
2575,leadership,1
2576,everyone.,1
2577,create.,1
2578,dharma,1
2579,security,1
2580,heal.it,1
2581,suddent,1
2582,stil,1
2583,betrayed,1
2584,viewed,1
2585,9.,1
2586,silences,1
2587,charm,1
2588,claustrophobic.,1
2589,thunderstorm,1
2590,blonde,1
2591,couch,1
2592,imma,1
2593,grateful.,1
2594,genuine,1
2595,"worry,",1
2596,forgot,1
2597,innovative,1
2598,heaviest,1
2599,ends,1
2600,asset,1
2601,#pulseshooting,1
2602,rule,1
2603,"understanding,",1
2604,"childhood,",1
2605,right!!!let's,1
2606,miracles.”,1
2607,arrivals,1
2608,intersects,1
2609,compensate,1
2610,discrimination.,1
2611,baths,1
2612,"fast,",1
2613,~,1
2614,"mom,",1
2615,freshers,1
2616,Had,1
2617,overpower,1
2618,boys…,1
2619,citizen,1
2620,selected.,1
2621,lie,1
2622,frowning.,1
2623,frustration,1
2624,burst,1
2625,"Nevermind,",1
2626,goose,1
2627,Unless,1
2628,counting,1
2629,lay,1
2630,confusion,1
2631,confiding,1
2632,lack,1
2633,disappointed.,1
2634,nurturing,1
2635,typically,1
2636,"sorrows,",1
2637,"boys,",1
2638,setting,1
2639,hanging,1
2640,consider,1
2641,ppl,1
2642,#celebration,1
2643,eyse,1
2644,educator.,1
2645,qualities,1
2646,weekend,1
2647,hunger,1
2648,jeans,1
2649,Poets,1
2650,"""i",1
2651,belong.,1
2652,captions.,1
2653,"lovely,",1
2654,heavier,1
2655,brunette,1
2656,"pride,",1
2657,shameless,1
2658,terrifying,1
2659,amount.,1
2660,era.,1
2661,"sorrow,but",1
2662,anything!!,1
2663,"Drinks,",1
2664,chaotic,1
2665,"collaboration,",1
2666,new.,1
2667,characters,1
2668,perseveres,1
2669,lord,1
2670,impossible.,1
2671,suffocation,1
2672,"city,kolkata",1
2673,malt,1
2674,",didn't",1
2675,besties.,1
2676,keys.,1
2677,she'll,1
2678,nominations,1
2679,box,1
2680,"learning,",1
2681,thought.,1
2682,dependability,1
2683,Gangster,1
2684,unable,1
2685,caution,1
2686,back:,1
2687,shoes,1
2688,&amp;,1
2689,cure,1
2690,"listening,",1
2691,Even,1
2692,noble,1
2693,lied,1
2694,restful.,1
2695,thrills,1
2696,fabulous.,1
2697,writer.,1
2698,lens.,1
2699,real.,1
2700,falls,1
2701,"desired,",1
2702,woman.,1
2703,"issues,",1
2704,beast.commit,1
2705,Eating,1
2706,"assumptions,",1
2707,jesus.”,1
2708,bordering,1
2709,"once,",1
2710,brown,1
2711,eveytime,1
2712,forgive,1
2713,results,1
2714,waali,1
2715,patted,1
2716,direct,1
2717,tearing,1
2718,mirrors,1
2719,"hatred,",1
2720,deepest,1
2721,cameras,1
2722,"misfortunes,",1
2723,upraise,1
2724,butterflies,1
2725,suffice,1
2726,form.,1
2727,selfish.,1
2728,germs,1
2729,conspiracy,1
2730,ghost's,1
2731,conscience,1
2732,revenge.,1
2733,boys.,1
2734,third,1
2735,law,1
2736,lose.,1
2737,language.”,1
2738,"conviction,",1
2739,doubts.,1
2740,#orlandoshooting,1
2741,larger,1
2742,weapon,1
2743,yo.,1
2744,paper.,1
2745,join,1
2746,compromise.,1
2747,swords,1
2748,laughters,1
2749,#standwithorlando,1
2750,chemicals.,1
2751,resurrection,1
2752,forgotten,1
2753,nobody's,1
2754,habits,1
2755,star.,1
2756,superpowers,1
2757,darkens.,1
2758,countenance,1
2759,counts.,1
2760,evading,1
2761,mummy,1
2762,"hurts,",1
2763,grade,1
2764,filling,1
2765,holidays,1
2766,8th,1
2767,not;,1
2768,"'i""ll",1
2769,"in,",1
2770,chases,1
2771,earth.,1
2772,clearly,1
2773,readiest,1
2774,haevy,1
2775,tea.,1
2776,"with,",1
2777,granted.,1
2778,25th,1
2779,"both,",1
2780,"away,",1
2781,Delhi,1
2782,winners,1
2783,me..,1
2784,large,1
2785,"attainment,",1
2786,living.,1
2787,stressed,1
2788,stubborn,1
2789,dangerous.,1
2790,"media,",1
2791,it'd,1
2792,joyfull,1
2793,voting,1
2794,emotionally,1
2795,discovering,1
2796,"selfish,",1
2797,worldwide!,1
2798,thorns.,1
2799,muscles...,1
2800,princess.,1
2801,With,1
2802,hangover,1
2803,raelity,1
2804,urgent,1
2805,tend,1
2806,mediocre.,1
2807,weekendvictory,1
2808,allegiance,1
2809,back?,1
2810,festivals,1
2811,"fav,",1
2812,weakest,1
2813,about.,1
2814,"memories,",1
2815,Integrity,1
2816,past.,1
2817,place!,1
2818,yourself!!,1
2819,deceiver!!,1
2820,crushing,1
2821,city!!,1
2822,definetly,1
2823,woods,1
2824,sewer,1
2825,culminates,1
2826,door,1
2827,sky.,1
2828,creature,1
2829,hardens,1
2830,exists,1
2831,rapists,1
2832,tell.,1
2833,concepts.,1
2834,evrr!!!,1
2835,successful.,1
2836,paragraphs!,1
2837,architecture,1
2838,flaws.,1
2839,agonizingly.,1
2840,sorry..,1
2841,"house,",1
2842,quest,1
2843,acting,1
2844,complaint,1
2845,paralyzes,1
2846,hungry...,1
2847,"universe,",1
2848,"match,but",1
2849,haan!,1
2850,me?,1
2851,loudly.,1
2852,"fuel,",1
2853,pollute.,1
2854,soc,1
2855,suffer,1
2856,delusional,1
2857,"got,",1
2858,holds,1
2859,hate:,1
2860,terribly...,1
2861,hateful,1
2862,mountains,1
2863,later,1
2864,"sister,",1
2865,eighteen.,1
2866,point,1
2867,combination,1
2868,pick,1
2869,universal,1
2870,"accident,",1
2871,"man,",1
2872,kumar,1
2873,franz,1
2874,firsts,1
2875,"air,",1
2876,young,1
2877,sage.,1
2878,"eraser,",1
2879,combinations),1
2880,leroy,1
2881,motives.,1
2882,disrespect,1
2883,"Sometimes,",1
2884,glass.sometimes,1
2885,accuser,1
2886,"however,",1
2887,why.,1
2888,"inside,",1
2889,assure,1
2890,nature.,1
2891,closely,1
2892,undertaking.,1
2893,edges,1
2894,expressions,1
2895,"oceans,",1
2896,smoother,1
2897,anniversary,1
2898,okay,1
2899,Anger,1
2900,lines,1
2901,activities,1
2902,person!,1
2903,price,1
2904,intimacy,1
2905,impressive,1
2906,immense,1
2907,weaker,1
2908,ii,1
2909,sick,1
2910,colourful,1
2911,everyday!!!,1
2912,achieved.,1
2913,faithful,1
2914,camera…ayush,1
2915,memory!,1
2916,philippians,1
2917,"if,",1
2918,wife,1
2919,adults,1
2920,benefit,1
2921,be…..blessed,1
2922,on!,1
2923,"bring,",1
2924,hug,1
2925,rejecting,1
2926,mindful.,1
2927,"door,",1
2928,"brave,",1
2929,sick.,1
2930,rinse,1
2931,Attitude,1
2932,goodnight,1
2933,lasts,1
2934,"supplication,",1
2935,unforgiving.,1
2936,yes,1
2937,suppose,1
2938,alaways,1
2939,ideas,1
2940,dying,1
2941,kholega!,1
2942,"wasteful,",1
2943,wary,1
2944,ending,1
2945,matters,1
2946,ride,1
2947,100,1
2948,determination.,1
2949,wealth.,1
2950,momma,1
2951,"Trees,",1
2952,sufferings,1
2953,boiii!!,1
2954,catch!,1
2955,"ohh,",1
2956,bub,1
2957,loaded,1
2958,fu.,1
2959,love...,1
2960,supposed,1
2961,it...”,1
2962,fair,1
2963,spite,1
2964,quality,1
2965,fairest,1
2966,Laughter,1
2967,mistakenly,1
2968,"conscience,",1
2969,records,1
2970,possibilities,1
2971,gross,1
2972,Mind,1
2973,chemistry,1
2974,beings.,1
2975,really.,1
2976,forgiver,1
2977,for.,1
2978,"can,",1
2979,reigniting,1
2980,yurself,1
2981,delicacy.,1
2982,flow,1
2983,abnoxious,1
2984,castle,1
2985,separate.,1
2986,"eternal,",1
2987,having.,1
2988,utilities,1
2989,life.”,1
2990,mindfulnes,1
2991,hating,1
2992,hopes.,1
2993,out!,1
2994,insist,1
2995,fossil,1
2996,salt,1
2997,exam...,1
2998,eventually,1
2999,hillarious,1
3000,neverland,1
3001,relax,1
3002,artist's,1
3003,adopt,1
3004,happines.,1
3005,adviser.,1
3006,buddies,1
3007,colored.,1
3008,upper,1
3009,fatal;,1
3010,permanence,1
3011,precision,1
3012,attached.,1
3013,"feels,",1
3014,picked,1
3015,selfishness,1
3016,robs,1
3017,nail,1
3018,come!!!,1
3019,Get,1
3020,bus;,1
3021,protect,1
3022,session,1
3023,own....i,1
3024,jam,1
3025,important;,1
3026,blink,1
3027,breathe,1
3028,helpless.,1
3029,bae,1
3030,yesterday.,1
3031,prople,1
3032,theyre,1
3033,#nooneisperfect,1
3034,unreal,1
3035,"magically,",1
3036,unleash,1
3037,Advices,1
3038,lot!!,1
3039,married,1
3040,Don?t,1
3041,“what,1
3042,functions,1
3043,sob,1
3044,skill,1
3045,“always,1
3046,blues,1
3047,pout.,1
3048,costume,1
3049,hour.,1
3050,choosing,1
3051,"strenghth,",1
3052,anytime...trust,1
3053,ouch!,1
3054,"sketchy,",1
3055,flexibility.,1
3056,sleepy,1
3057,feel.,1
3058,thins,1
3059,blushing,1
3060,meaning.,1
3061,approximate.,1
3062,education,1
3063,#smiling,1
3064,plants,1
3065,scariest,1
3066,me'.,1
3067,"smile,sparkle",1
3068,passed.,1
3069,trapped,1
3070,fortunate,1
3071,preservation,1
3072,supporters,1
3073,#homealone,1
3074,childrens,1
3075,hurries,1
3076,"false,",1
3077,united,1
3078,"moment,",1
3079,faster,1
3080,Alone.,1
3081,spare.,1
3082,slides,1
3083,laaazzzyyyy!!,1
3084,"fall,",1
3085,click,1
3086,itne,1
3087,anywhere,1
3088,messed,1
3089,"sensitive,",1
3090,wanderer,1
3091,protects,1
3092,tedx,1
3093,light.,1
3094,farewell,1
3095,moment.it's,1
3096,bottles,1
3097,seva,1
3098,They,1
3099,Forgive,1
3100,worthwhile,1
3101,stare,1
3102,fllied,1
3103,notice,1
3104,life.get,1
3105,tenderness.,1
3106,funny.,1
3107,maximum,1
3108,batra,1
3109,Reminder:,1
3110,humor.,1
3111,Show,1
3112,touch.,1
3113,fierce,1
3114,endsem,1
3115,sparkling,1
3116,devoid,1
3117,begin,1
3118,appreciation,1
3119,Motherhood,1
3120,add,1
3121,motivation,1
3122,bhai,1
3123,"echo,",1
3124,period,1
3125,insaano,1
3126,summary,1
3127,from.!,1
3128,beaytiful,1
3129,followed,1
3130,riddles.,1
3131,!,1
3132,Its,1
3133,'cuz,1
3134,happt,1
3135,"cracker,",1
3136,heals,1
3137,"vanish,",1
3138,fragments,1
3139,'bout,1
3140,orv,1
3141,earning,1
3142,classroom,1
3143,distracts,1
3144,blessing.,1
3145,lightens,1
3146,cures,1
3147,uncomfortable.,1
3148,decision,1
3149,!”,1
3150,tired,1
3151,Understanding,1
3152,:,1
3153,distance,1
3154,"caption,",1
3155,intelligentgroup,1
3156,#friends,1
3157,sentenced,1
3158,happening!,1
3159,rise,1
3160,weird,1
3161,hine.,1
3162,sorry.,1
3163,"sad,",1
3164,personally,1
3165,allah,1
3166,embacing,1
3167,receive,1
3168,"coincidence,",1
3169,birthdays,1
3170,Great,1
3171,camera.,1
3172,fools,1
3173,struck,1
3174,blossom,1
3175,glimpse,1
3176,tries,1
3177,theater.,1
3178,batting,1
3179,hallmark,1
3180,crossroads,1
3181,"oh,",1
3182,nine,1
3183,contempt,1
3184,What,1
3185,god's,1
3186,"choose,",1
3187,craziness.,1
3188,giggle,1
3189,conflicted.,1
3190,"kill,",1
3191,fine.,1
3192,rain!,1
3193,meaningful,1
3194,"own,of",1
3195,chamge,1
3196,14th,1
3197,scarier,1
3198,yearning.,1
3199,Caught,1
3200,"patient,",1
3201,hat.,1
3202,deep.,1
3203,somewhat,1
3204,chinta,1
3205,industries.,1
3206,"babes,",1
3207,inspire,1
3208,ladke!!,1
3209,communicates,1
3210,#mycollege,1
3211,fading.,1
3212,"bells,",1
3213,precedes,1
3214,"demand,",1
3215,strings.,1
3216,"over,",1
3217,shimmering,1
3218,nuanced,1
3219,Honest,1
3220,obligation.,1
3221,abandoned,1
3222,"soul,",1
3223,2k16,1
3224,me!!,1
3225,two!,1
3226,wtf,1
3227,lapping,1
3228,"red,",1
3229,danger,1
3230,"recover,",1
3231,mat,1
3232,becaue,1
3233,truths,1
3234,rii,1
3235,"besides,an",1
3236,opposite,1
3237,golden,1
3238,smallest,1
3239,"abilities,",1
3240,alibi,1
3241,pleasant,1
3242,souls,1
3243,beiginning,1
3244,"despair,",1
3245,result:,1
3246,'they,1
3247,"goodness,",1
3248,pic,1
3249,is?,1
3250,keys,1
3251,wedding,1
3252,shook,1
3253,asking,1
3254,imagine,1
3255,regrets;,1
3256,Artificial,1
3257,greets,1
3258,slippery,1
3259,a##hole,1
3260,tricky,1
3261,popcorns,1
3262,blunt,1
3263,"laugh,",1
3264,overwhelming,1
3265,devastated.,1
3266,dear,1
3267,"three,",1
3268,surprise!,1
3269,"living,",1
3270,yourr,1
3271,"shining,",1
3272,hello,1
3273,experiencing,1
3274,"struggles,",1
3275,"case,",1
3276,basically,1
3277,reflection,1
3278,rome.,1
3279,stiff,1
3280,dates,1
3281,corruption,1
3282,aer,1
3283,poorly,1
3284,Bad,1
3285,amusement,1
3286,"says,",1
3287,pride.,1
3288,friendship.,1
3289,mom.,1
3290,with.,1
3291,captures,1
3292,house,1
3293,omong,1
3294,"tried"".",1
3295,jaipur!,1
3296,strike,1
3297,nice.,1
3298,small.,1
3299,drama,1
3300,guided,1
3301,response,1
3302,"myself,",1
3303,dee,1
3304,view.,1
3305,opening,1
3306,absence,1
3307,befriend,1
3308,daughter,1
3309,complex.,1
3310,cheerful,1
3311,fearless,1
3312,"out,",1
3313,including,1
3314,hypnosis,1
3315,fives.,1
3316,nakes,1
3317,snacks.,1
3318,kafka.,1
3319,crown,1
3320,inspired,1
3321,copy,1
3322,shadow.,1
3323,ulterior,1
3324,taneja,1
3325,"always""",1
3326,"motte,",1
3327,"oppression,",1
3328,watched,1
3329,congratulations!!!,1
3330,everytime.,1
3331,sought,1
3332,mess.,1
3333,gun,1
3334,"comparing,",1
3335,aisle,1
3336,healed,1
3337,dreaming,1
3338,22,1
3339,Her,1
3340,hidden.,1
3341,pizza,1
3342,heard,1
3343,knob,1
3344,ladies,1
3345,intimacy.,1
3346,"sweet,",1
3347,"two,",1
3348,honestly,1
3349,multiple,1
3350,bois,1
3351,educationless,1
3352,cling.,1
3353,photographs.,1
3354,loveable.,1
3355,foundation,1
3356,smile's,1
3357,appear,1
3358,instant,1
3359,device,1
3360,battle.,1
3361,swim,1
3362,bhola.,1
3363,"so,choose",1
3364,mah,1
3365,teamwork,1
3366,tighter,1
3367,pleasures,1
3368,gratitude.,1
3369,...what's,1
3370,grab,1
3371,dissapointments,1
3372,coldness,1
3373,remains,1
3374,admires,1
3375,fab,1
3376,remembered,1
3377,commission,1
3378,rest.,1
3379,vivid,1
3380,potential,1
3381,nobody!,1
3382,"exercise,",1
3383,pressure,1
3384,Alcohol,1
3385,society's,1
3386,"while,",1
3387,do…you,1
3388,reference.,1
3389,humans,1
3390,bhai!,1
3391,overwhelms,1
3392,goals,1
3393,vinci,1
3394,",too,but",1
3395,room,1
3396,answe,1
3397,"reward,",1
3398,mathematics.,1
3399,belonged,1
3400,"care,",1
3401,imbibed,1
3402,google,1
3403,"like,",1
3404,decency,1
3405,gaurav,1
3406,circle,1
3407,alter,1
3408,apprehensionof,1
3409,poses,1
3410,relaxing,1
3411,whims,1
3412,"black,",1
3413,"hair,",1
3414,corresponding,1
3415,corgi,1
3416,"them,",1
3417,"wisdom,",1
3418,wanted,1
3419,becoming,1
3420,manipal,1
3421,within.,1
3422,played,1
3423,befriending,1
3424,colliding,1
3425,need.,1
3426,confident.,1
3427,met.,1
3428,copy!,1
3429,Humor,1
3430,goodcomings,1
3431,craziest,1
3432,happened.,1
3433,pluviophile,1
3434,1,1
3435,rid,1
3436,censoring,1
3437,all.!,1
3438,herting,1
3439,attend,1
3440,destroing,1
3441,apple,1
3442,weary,1
3443,unison,1
3444,studying,1
3445,reality.,1
3446,"smile,simplicity",1
3447,supported,1
3448,describe,1
3449,discomfort,1
3450,"stay,",1
3451,claim,1
3452,grieve,1
3453,contact,1
3454,fragile.,1
3455,pursue,1
3456,struggles,1
3457,kabhi?,1
3458,yeah,1
3459,abilities.,1
3460,censors,1
3461,blossoms,1
3462,gate,1
3463,#orlando,1
3464,follow,1
3465,medecine,1
3466,beholder.,1
3467,consequences.,1
3468,fulfills,1
3469,newer,1
3470,imperative,1
3471,Changing,1
3472,"characte,",1
3473,grasp,1
3474,soft,1
3475,incomplete,1
3476,best!,1
3477,#perfect,1
3478,conversations,1
3479,stair,1
3480,lion,1
3481,"tshirt,",1
3482,greater.,1
3483,corruption.,1
3484,never.,1
3485,time:,1
3486,change.,1
3487,caring.,1
3488,brother,1
3489,cube,1
3490,removal,1
3491,health.,1
3492,confessing,1
3493,dissapointed,1
3494,outvalues,1
3495,leap.,1
3496,bliss,1
3497,99.99,1
3498,dissapointment,1
3499,surrounded,1
3500,team!,1
3501,ice,1
3502,ove,1
3503,humiliating,1
3504,drains,1
3505,bells,1
3506,thrown..,1
3507,#farewell,1
3508,right.,1
3509,"bold,",1
3510,simon,1
3511,….sang,1
3512,represent,1
3513,adversity,1
3514,injustice,1
3515,contradictions,1
3516,stomach,1
3517,Hospitality,1
3518,smiled.,1
3519,brain,1
3520,selfies,1
3521,feb,1
3522,destination.,1
3523,"vivid,",1
3524,appreciating,1
3525,atom,1
3526,sunflower,1
3527,Hello,1
3528,already.,1
3529,soryy,1
3530,almost,1
3531,quiting,1
3532,cups,1
3533,blind,1
3534,concern,1
3535,forgive.,1
3536,superheroes,1
3537,"""thank",1
3538,chess,1
3539,Reach,1
3540,rose,1
3541,dramatic,1
3542,dad,1
3543,photos,1
3544,glad,1
3545,cases.,1
3546,(assuming,1
3547,Acid,1
3548,protective,1
3549,front,1
3550,"chance,",1
3551,"bennington,",1
3552,neat,1
3553,"u""",1
3554,likea,1
3555,"old,young",1
3556,desrve,1
3557,"hardwork,",1
3558,pursuing,1
3559,bites,1
3560,wind,1
3561,happyy!!,1
3562,values.,1
3563,successful,1
3564,oh,1
3565,“lighten,1
3566,showered,1
3567,pair,1
3568,profound,1
3569,shut,1
3570,trying.,1
3571,'nanigans',1
3572,cheesy,1
3573,"art,",1
3574,#bday,1
3575,me!!!,1
3576,Depend,1
3577,gets,1
3578,"god,",1
3579,greatness,1
3580,useless,1
3581,humiliation,1
3582,could've,1
3583,films,1
3584,party!!,1
3585,touching,1
3586,allure,1
3587,mnagement,1
3588,experience.,1
3589,show.,1
3590,ended,1
3591,measures,1
3592,infinitely,1
3593,bringing,1
3594,allowing,1
3595,fund,1
3596,chill,1
3597,"photo,",1
3598,suit,1
3599,brightest,1
3600,survived,1
3601,deeper,1
3602,"us,",1
3603,bonding,1
3604,selfie,1
3605,soft….,1
3606,beer,1
3607,I'd,1
3608,everything?,1
3609,original,1
3610,six,1
3611,fishmarket,1
3612,countless,1
3613,neds,1
3614,",e.",1
3615,refused,1
3616,forgiveness,1
3617,science,1
3618,empties,1
3619,badder,1
3620,him!,1
3621,"sleeping,",1
3622,yoy,1
3623,globally,1
3624,saku!,1
3625,showers,1
3626,staring,1
3627,presentation,1
3628,festival!,1
3629,matter.,1
3630,"softly,",1
3631,haunts,1
3632,rigor.,1
3633,exist.,1
3634,Not,1
3635,frankness,1
3636,kinda,1
3637,"similar,",1
3638,design,1
3639,"""I",1
3640,moms,1
3641,"loss,",1
3642,Best,1
3643,partner.,1
3644,unlimited,1
3645,field,1
3646,karwaya,1
3647,floor.,1
3648,investment,1
3649,suppressed,1
3650,Maintaining,1
3651,someone….you,1
3652,tantrums,1
3653,him.,1
3654,rejection,1
3655,touchy,1
3656,sin.,1
3657,months,1
3658,belief,1
3659,frowns.,1
3660,determines,1
3661,empahetic,1
3662,imperfections,1
3663,"next,",1
3664,requests,1
3665,pity,1
3666,stopped,1
3667,tensed.,1
3668,"mission,",1
3669,utter,1
3670,anytime.,1
3671,enter,1
3672,"loves,",1
3673,wore,1
3674,generation.,1
3675,abstract,1
3676,beautiful.monments.,1
3677,practical,1
3678,adventures,1
3679,handle.,1
3680,poet.,1
3681,decisions.,1
3682,"open,",1
3683,classis,1
3684,"pleasure,",1
3685,hair.,1
3686,least,1
3687,also.happy,1
3688,icarus,1
3689,partied,1
3690,"real,",1
3691,dedication,1
3692,Psychology,1
3693,feverishly,1
3694,obsessing,1
3695,indecision,1
3696,food….,1
3697,journey.,1
3698,lungs,1
3699,demise,1
3700,bitter.,1
3701,diamonds,1
3702,adhere,1
3703,display,1
3704,ths,1
3705,world….mercy,1
3706,bains,1
3707,followers,1
3708,happier,1
3709,melting,1
3710,walking,1
3711,spirituality.,1
3712,affair,1
3713,pessimist,1
3714,joyfully,1
3715,due,1
3716,eagerly,1
3717,offensive,1
3718,back.,1
3719,hobby,1
3720,valuable,1
3721,profoundness.kindness,1
3722,superior,1
3723,letter,1
3724,distant,1
3725,certainty,1
3726,rainbows,1
3727,strenght,1
3728,crumbled.,1
3729,failures.,1
3730,"worried,",1
3731,regardless,1
3732,teach,1
3733,Keeping,1
3734,<3,1
3735,"technically,",1
3736,place…,1
3737,returning,1
3738,nice,1
3739,af.,1
3740,advance.,1
3741,criminal,1
3742,roar,1
3743,strongest/,1
3744,"delhi,2019",1
3745,asks,1
3746,;),1
3747,longtime,1
3748,likely,1
3749,pictures,1
3750,India,1
3751,pants,1
3752,upmy,1
3753,stage.,1
3754,"disappointments,",1
3755,tge,1
3756,brain.,1
3757,asleep,1
3758,intricacies,1
3759,bigger,1
3760,unfair.,1
3761,"neat,",1
3762,adventure.,1
3763,envy,1
3764,known.,1
3765,track,1
3766,precious,1
3767,karma.,1
3768,reason.,1
3769,circumstances.,1
3770,Now,1
3771,full.,1
3772,gifted,1
3773,aka,1
3774,"ever,",1
3775,takind,1
3776,fragrance!,1
3777,cage,1
3778,life..like,1
3779,danger?,1
3780,victory,1
3781,desires,1
3782,fundamental,1
3783,"yesterdays,",1
3784,dawn.,1
3785,learned,1
3786,guard,1
3787,providing,1
3788,"final,",1
3789,hues,1
3790,pai,1
3791,enemy.,1
3792,one's,1
3793,occasion,1
3794,runs,1
3795,different.,1
3796,awake,1
3797,"calls,",1
3798,venting,1
3799,annoyed.,1
3800,@rosh036,1
3801,Censorship,1
3802,sprinkles.,1
3803,responsible,1
3804,distraction,1
3805,list.,1
3806,incurring,1
3807,“,1
3808,creepiness,1
3809,disaster,1
3810,determination,1
3811,times-,1
3812,tonight,1
3813,construction,1
3814,"forward,",1
3815,mornings,1
3816,subtle,1
3817,romantic,1
3818,"unique,",1
3819,"team,",1
3820,women's,1
3821,exquisite,1
3822,intimate,1
3823,bhi,1
3824,blast.,1
3825,springs,1
3826,drive.,1
3827,"crap,",1
3828,woman,1
3829,rely,1
3830,flexible,1
3831,ones.,1
3832,"forever,",1
3833,sleep,1
3834,"boyfriend,i",1
3835,win.,1
3836,bottle,1
3837,mere,1
3838,not-cool,1
3839,god;,1
3840,miles,1
3841,rape,1
3842,bautiful,1
3843,run,1
3844,told.,1
3845,"anxious,",1
3846,pain.,1
3847,tired.,1
3848,normal,1
3849,smash,1
3850,consistent,1
3851,"dream,",1
3852,relation,1
3853,dies,1
3854,"fear,",1
3855,room.,1
3856,relationships.,1
3857,"creepy,",1
3858,blue,1
3859,"staybacks,",1
3860,wit,1
3861,ls,1
3862,confidence.kindness,1
3863,sane,1
3864,despise,1
3865,recently,1
3866,who'll,1
3867,vicious,1
3868,"age,",1
3869,shakun,1
3870,cup,1
3871,usually,1
3872,attracts,1
3873,conned,1
3874,"superego,",1
3875,corner.,1
3876,realtionhip,1
3877,"were,",1
3878,courtesy.,1
3879,persons,1
3880,word.,1
3881,persist,1
3882,mumma,1
3883,"hope""",1
3884,funniest,1
3885,lit,1
3886,award,1
3887,superficial,1
3888,house.,1
3889,peculiar,1
3890,necessary,1
3891,implanting,1
3892,realisation,1
3893,Commiting,1
3894,danced,1
3895,himself.#meninreality,1
3896,tensed,1
3897,advised,1
3898,isolations;,1
3899,smile...when,1
3900,"momma,",1
3901,parents….,1
3902,unease.,1
3903,glitter….two,1
3904,crime.,1
3905,#selfish,1
3906,selfish,1
3907,drop,1
3908,scare,1
3909,wet,1
3910,christmas.,1
3911,tolerate.,1
3912,"aggressive,",1
3913,capes,1
3914,information,1
3915,uncertainity,1
3916,fav,1
3917,muggles,1
3918,convice,1
3919,soul…and,1
3920,scared,1
3921,censor.,1
3922,difference?,1
3923,acceptance,1
3924,"exams,",1
3925,"more,worry",1
3926,pics,1
3927,talked,1
3928,'em,1
3929,doubling,1
3930,choc.,1
3931,25,1
3932,remedies.,1
3933,soooooon?,1
3934,anyway,1
3935,painting,1
3936,wilderness.,1
3937,Positive,1
3938,versatile,1
3939,spotlight,1
3940,world's,1
3941,forever!!,1
3942,brand,1
3943,celebrated.,1
3944,rejected,1
3945,something.,1
3946,"kindness,",1
3947,stereotypes,1
3948,#save,1
3949,terms,1
3950,pulled,1
3951,instagram,1
3952,take.,1
3953,friendship!,1
3954,"precision,",1
3955,others!!,1
3956,doctor,1
3957,faltered,1
3958,plan,1
3959,cuddler,1
3960,donut,1
3961,uhh,1
3962,blinking,1
3963,self,1
3964,won.,1
3965,pursuit,1
3966,"judge,",1
3967,shore.,1
3968,faces,1
3969,shock.,1
3970,lifetime.,1
3971,doors,1
3972,rip,1
3973,coronavirus,1
3974,four,1
3975,bag,1
3976,Me,1
3977,"feelings,",1
3978,gangster,1
3979,outclassing,1
3980,shiksa,1
3981,unfulfilled,1
3982,honoured,1
3983,environments,1
3984,smoking!!!,1
3985,suppoded,1
3986,tangled,1
3987,stalking,1
3988,collaboration,1
3989,especially,1
3990,thousands,1
3991,"low,",1
3992,once.,1
3993,fruit.,1
3994,anybody.,1
3995,"talks,",1
3996,sun.,1
3997,hai.,1
3998,survivors.,1
3999,"elements,",1
4000,'happy',1
4001,me!,1
4002,"dust,",1
4003,packed.,1
4004,player.,1
4005,shawl,1
4006,journeys,1
4007,easy:,1
4008,movies.,1
4009,"efficiency,",1
4010,confusing,1
4011,attained,1
4012,monsters,1
4013,deserves,1
4014,uncorrupt,1
4015,demons,1
4016,shout,1
4017,lens,1
4018,bodies.,1
4019,poet,1
4020,better.”,1
4021,terrorists,1
4022,tolerate,1
4023,poverty.,1
4024,done...,1
4025,detached,1
4026,requires,1
4027,riches.complaint,1
4028,"promise,",1
4029,ashamed,1
4030,suits,1
4031,becuase,1
4032,th,1
4033,bunny,1
4034,muj,1
4035,freaking,1
4036,shining.,1
4037,sign?,1
4038,"sea,",1
4039,releases,1
4040,according,1
4041,"emotions,",1
4042,At,1
4043,wisely.,1
4044,much!!,1
4045,makeup,1
4046,lion.,1
4047,sunbeam,1
4048,da,1
4049,influenced,1
4050,2019…,1
4051,bridge.,1
4052,deeds,1
4053,feed,1
4054,altitudes,1
4055,time!,1
4056,"command,",1
4057,hurts.,1
4058,Worship,1
4059,trip,1
4060,flock,1
4061,kashmir,1
4062,accomplish.,1
4063,question,1
4064,have!,1
4065,unwanted,1
4066,trips,1
4067,ago..,1
4068,heed,1
4069,teardrops,1
4070,"moments,",1
4071,type,1
4072,balli,1
4073,destination,1
4074,trend!!!,1
4075,gentle,1
4076,survival,1
4077,learn.,1
4078,harmful.,1
4079,sticks,1
4080,committed,1
4081,speaks,1
4082,therapeutic.,1
4083,sport,1
4084,worse,1
4085,mumma's,1
4086,realising,1
4087,wall,1
4088,deserting,1
4089,someone's,1
4090,warmest,1
4091,thanks.,1
4092,touch,1
4093,there!,1
